max_iter, learning_rate, bracket, n_i, r_i, train_loss, train_accuracy, val_loss, val_accuracy, test_loss, test_accuracy
5,0.23855623910730586,1,3,1.6666666666666665,2.274214241878096,12.678840361445783,2.3055541008076768,11.233333333333333,2.3040901156747418,11.35
5,0.24805130150746701,1,3,1.6666666666666665,2.3700869298843017,12.660015060240964,2.305809160496326,11.233333333333333,2.304429326087806,11.35
5,0.12120172382064426,1,3,1.6666666666666665,2.0981681533606658,24.15286144578313,1.941398893265014,32.5,1.911655855026974,34.23
5,0.12120172382064426,1,1.0,5.0,1.8366058654785156,36.6,0.8423133549538064,74.73333333333333,0.8060987462663347,75.59
5,0.04990106396877584,0,2,5,0.8347877962589264,73.215625,0.23292069303545546,93.38333333333334,0.20896621086118614,93.88
5,0.1564719208323584,0,2,5,2.275088695049286,12.6125,2.308096375871212,9.866666666666667,2.3088105499364766,9.58
