max_iter, learning_rate, bracket, n_i, r_i, train_loss, train_accuracy, val_loss, val_accuracy, test_loss, test_accuracy
5,0.04990106396877584,1,3,1.6666666666666665,1.1341532720140663,61.98230421686747,0.26621720765499357,92.23333333333333,0.2502301862570131,92.45
5,0.1564719208323584,1,3,1.6666666666666665,2.2132937793272087,16.575677710843372,2.303046883420741,11.233333333333333,2.302489194141072,11.35
5,0.11083761540426083,1,3,1.6666666666666665,1.8691592805356865,36.93524096385542,1.566575936814572,50.016666666666666,1.5582417614141089,49.63
5,0.04990106396877584,1,1.0,5.0,0.8347877962589264,73.215625,0.23292069303545546,93.38333333333334,0.20896621086118614,93.88
